<?xml version="1.0" encoding="utf-8" standalone="yes" ?>
<rss version="2.0" xmlns:atom="http://www.w3.org/2005/Atom">
  <channel>
    <title>离离</title>
    <link>http://liguoqing.name/</link>
    <description>Recent content on 离离</description>
    <generator>Hugo -- gohugo.io</generator>
    <language>en</language>
    <copyright>LGQ</copyright>
    <lastBuildDate>Fri, 28 Dec 2018 18:33:27 +0800</lastBuildDate>
    
	<atom:link href="http://liguoqing.name/index.xml" rel="self" type="application/rss+xml" />
    
    
    <item>
      <title>About</title>
      <link>http://liguoqing.name/about/</link>
      <pubDate>Fri, 28 Dec 2018 18:33:27 +0800</pubDate>
      
      <guid>http://liguoqing.name/about/</guid>
      <description>其桐其椅，其实离离。 ——《诗经·小雅·湛露》</description>
    </item>
    
    <item>
      <title>[中文] 《长恨歌》</title>
      <link>http://liguoqing.name/post/about/</link>
      <pubDate>Wed, 30 Aug 2017 01:37:56 +0800</pubDate>
      
      <guid>http://liguoqing.name/post/about/</guid>
      <description>《长恨歌》是中国唐朝诗人白居易的一首长篇叙事诗。 第一段：贵妃受宠爱 汉皇重色思倾国，御宇多年求不得。杨家有女初长成，养在深闺人未识。 天生丽质难</description>
    </item>
    
  </channel>
</rss>