<?xml version="1.0" encoding="utf-8" standalone="yes" ?>
<rss version="2.0" xmlns:atom="http://www.w3.org/2005/Atom">
  <channel>
    <title>Categories on 离离</title>
    <link>http://liguoqing.name/categories/</link>
    <description>Recent content in Categories on 离离</description>
    <generator>Hugo -- gohugo.io</generator>
    <language>en</language>
    <copyright>LGQ</copyright>
    
	<atom:link href="http://liguoqing.name/categories/index.xml" rel="self" type="application/rss+xml" />
    
    
    <item>
      <title>中文</title>
      <link>http://liguoqing.name/categories/%E4%B8%AD%E6%96%87/</link>
      <pubDate>Wed, 30 Aug 2017 01:37:56 +0800</pubDate>
      
      <guid>http://liguoqing.name/categories/%E4%B8%AD%E6%96%87/</guid>
      <description></description>
    </item>
    
  </channel>
</rss>